{
  "0": 480.785,
  "1": 496.712,
  "2": 347.797,
  "3": 577.667,
  "4": 777.552,
  "5": 668.625,
  "6": 386.777,
  "7": 551.6790000000001,
  "8": 565.682,
  "9": 458.736,
  "10": 446.756,
  "11": 289.841,
  "12": 404.75,
  "13": 460.733,
  "14": 568.668,
  "15": 593.657,
  "16": 461.73199999999997,
  "17": 423.768,
  "18": 514.702,
  "19": 449.73999999999995,
  "20": 511.68499999999995,
  "21": 623.641,
  "22": 773.552,
  "23": 669.613,
  "24": 715.587,
  "25": 522.698,
  "26": 446.741,
  "27": 501.70899999999995,
  "28": 597.635,
  "29": 526.683,
  "Average": 527.1967666666666,
  "Prediction Average": 39.00473333333333,
  "Accuracy": 0.7333333333333333
}
