{
  "0": 1131.348,
  "1": 652.6220000000001,
  "2": 425.752,
  "3": 618.653,
  "4": 557.67,
  "5": 299.82599999999996,
  "6": 489.71,
  "7": 556.674,
  "8": 462.746,
  "9": 584.65,
  "10": 410.771,
  "11": 528.6899999999999,
  "12": 378.776,
  "13": 429.745,
  "14": 444.733,
  "15": 381.781,
  "16": 471.735,
  "17": 588.6519999999999,
  "18": 510.699,
  "19": 362.78,
  "20": 474.735,
  "21": 380.784,
  "22": 415.77,
  "23": 569.65,
  "24": 349.795,
  "25": 576.6759999999999,
  "26": 681.611,
  "27": 428.747,
  "28": 429.743,
  "29": 623.639,
  "Average": 507.3054333333333,
  "Prediction Average": 38.64040000000001,
  "Accuracy": 1.0
}
