{"0": 457.961, "1": 440.743, "2": 784.537, "3": 710.588, "4": 525.706, "5": 538.689, "6": 775.567, "7": 567.687, "8": 698.607, "9": 460.734, "Average": 596.0818999999999, "Prediction Average": 45.57220000000001, "Accuracy": 0.9}