{
  "0": 714.587,
  "1": 402.758,
  "2": 451.73600000000005,
  "3": 563.681,
  "4": 532.693,
  "5": 322.81399999999996,
  "6": 466.72999999999996,
  "7": 628.626,
  "8": 447.745,
  "9": 467.72999999999996,
  "10": 385.774,
  "11": 325.812,
  "12": 530.698,
  "13": 415.76,
  "14": 387.775,
  "15": 386.777,
  "16": 449.727,
  "17": 306.81199999999995,
  "18": 645.611,
  "19": 385.79200000000003,
  "Average": 460.98189999999994,
  "Prediction Average": 40.876099999999994,
  "Accuracy": 0.55
}
