{
  "0": 728.5690000000001,
  "1": 369.787,
  "2": 386.764,
  "3": 640.621,
  "4": 405.776,
  "5": 483.71999999999997,
  "6": 576.656,
  "7": 466.717,
  "8": 675.611,
  "9": 402.754,
  "Average": 513.6975,
  "Prediction Average": 48.5653,
  "Accuracy": 0.8
}
