{"0": 497.86, "1": 573.68, "2": 525.695, "3": 660.628, "4": 348.812, "5": 639.616, "6": 493.71500000000003, "7": 496.701, "8": 343.80100000000004, "9": 524.696, "Average": 510.52040000000005, "Prediction Average": 45.373599999999996, "Accuracy": 1.0}