{
  "0": 747.5690000000001,
  "1": 452.749,
  "2": 469.74399999999997,
  "3": 677.5949999999999,
  "4": 611.662,
  "5": 435.749,
  "6": 384.778,
  "7": 439.74600000000004,
  "8": 374.773,
  "9": 388.776,
  "Average": 498.31410000000005,
  "Prediction Average": 48.17039999999999,
  "Accuracy": 0.6
}
