{"0": 670.011, "1": 710.588, "2": 664.615, "3": 446.74, "4": 507.707, "5": 458.749, "6": 491.71500000000003, "7": 493.723, "8": 527.6999999999999, "9": 426.738, "10": 445.753, "11": 447.75399999999996, "12": 441.732, "13": 621.641, "14": 411.76099999999997, "15": 525.696, "16": 422.757, "17": 317.827, "18": 494.705, "19": 426.767, "20": 490.726, "21": 743.582, "22": 480.735, "23": 569.643, "24": 508.707, "25": 383.79200000000003, "26": 506.705, "27": 397.77000000000004, "28": 720.602, "29": 676.609, "Average": 514.4516666666667, "Prediction Average": 38.17583333333332, "Accuracy": 0.9333333333333333}