{
  "0": 537.689,
  "1": 800.5219999999999,
  "2": 704.595,
  "3": 751.583,
  "4": 480.733,
  "5": 465.711,
  "6": 384.774,
  "7": 640.615,
  "8": 674.593,
  "9": 448.731,
  "10": 533.693,
  "11": 402.754,
  "12": 465.731,
  "13": 387.775,
  "14": 454.723,
  "15": 399.77000000000004,
  "16": 432.747,
  "17": 418.744,
  "18": 433.749,
  "19": 656.6189999999999,
  "Average": 523.7925499999999,
  "Prediction Average": 40.92115000000001,
  "Accuracy": 0.55
}
