{"0": 790.169, "1": 518.6990000000001, "2": 475.735, "3": 446.746, "4": 559.663, "5": 620.654, "6": 428.753, "7": 540.692, "8": 465.731, "9": 536.691, "10": 331.808, "11": 417.75800000000004, "12": 363.79, "13": 520.7049999999999, "14": 364.784, "15": 477.724, "16": 647.625, "17": 396.77000000000004, "18": 400.77000000000004, "19": 506.706, "20": 365.805, "21": 299.82399999999996, "22": 529.709, "23": 329.78200000000004, "24": 525.713, "25": 414.755, "26": 364.79, "27": 429.76, "28": 429.742, "29": 466.743, "Average": 465.6198666666667, "Prediction Average": 37.87336666666667, "Accuracy": 0.8666666666666667}