{
  "0": 419.811,
  "1": 470.726,
  "2": 658.6070000000001,
  "3": 626.6239999999999,
  "4": 493.712,
  "5": 317.816,
  "6": 683.589,
  "7": 443.729,
  "8": 706.604,
  "9": 377.76300000000003,
  "Average": 519.8981,
  "Prediction Average": 45.365899999999996,
  "Accuracy": 1.0
}
