{
  "0": 433.90099999999995,
  "1": 436.744,
  "2": 464.709,
  "3": 413.772,
  "4": 547.692,
  "5": 337.804,
  "6": 717.5859999999999,
  "7": 545.684,
  "8": 442.743,
  "9": 409.763,
  "Average": 475.0398,
  "Prediction Average": 45.869699999999995,
  "Accuracy": 0.9
}
