{"0": 596.7829999999999, "1": 542.683, "2": 559.6759999999999, "3": 656.6220000000001, "4": 591.657, "5": 407.762, "6": 537.693, "7": 370.78499999999997, "8": 463.73199999999997, "9": 660.633, "Average": 538.8026, "Prediction Average": 44.87339999999999, "Accuracy": 1.0}