{"0": 464.778, "1": 573.67, "2": 422.765, "3": 564.674, "4": 470.734, "5": 408.762, "6": 757.563, "7": 430.74899999999997, "8": 493.71500000000003, "9": 377.779, "Average": 496.51890000000003, "Prediction Average": 45.2701, "Accuracy": 1.0}