{"0": 678.803, "1": 741.572, "2": 683.605, "3": 364.80400000000003, "4": 543.671, "5": 346.8, "6": 416.759, "7": 381.789, "8": 464.745, "9": 438.733, "10": 424.755, "11": 462.73199999999997, "12": 488.73100000000005, "13": 412.762, "14": 460.73199999999997, "15": 480.722, "16": 445.75, "17": 461.725, "18": 543.686, "19": 506.707, "20": 605.65, "21": 494.713, "22": 529.694, "23": 427.754, "24": 362.789, "25": 497.713, "26": 426.75600000000003, "27": 478.721, "28": 507.706, "29": 654.6260000000001, "Average": 491.19016666666664, "Prediction Average": 38.00886666666668, "Accuracy": 0.9}