{
  "0": 523.7579999999999,
  "1": 572.668,
  "2": 479.71999999999997,
  "3": 455.73,
  "4": 421.755,
  "5": 446.74,
  "6": 516.703,
  "7": 472.74,
  "8": 383.778,
  "9": 488.72700000000003,
  "10": 421.757,
  "11": 472.726,
  "12": 611.647,
  "13": 524.697,
  "14": 625.637,
  "15": 437.741,
  "16": 588.646,
  "17": 374.784,
  "18": 569.6560000000001,
  "19": 537.7030000000001,
  "20": 526.696,
  "21": 603.6510000000001,
  "22": 531.701,
  "23": 589.66,
  "24": 569.6719999999999,
  "25": 578.654,
  "26": 458.734,
  "27": 548.683,
  "28": 656.63,
  "29": 944.453,
  "Average": 531.1949000000001,
  "Prediction Average": 38.6408,
  "Accuracy": 0.5333333333333333
}
