{
  "0": 408.89300000000003,
  "1": 393.774,
  "2": 541.688,
  "3": 369.768,
  "4": 481.723,
  "5": 691.5989999999999,
  "6": 367.787,
  "7": 554.68,
  "8": 376.818,
  "9": 535.691,
  "Average": 472.24209999999994,
  "Prediction Average": 45.07009999999999,
  "Accuracy": 0.9
}
