{
  "0": 429.875,
  "1": 492.71500000000003,
  "2": 546.679,
  "3": 449.741,
  "4": 562.685,
  "5": 377.801,
  "6": 507.706,
  "7": 594.668,
  "8": 402.777,
  "9": 611.659,
  "Average": 497.63059999999996,
  "Prediction Average": 45.8747,
  "Accuracy": 0.6
}
