{
  "0": 794.526,
  "1": 389.766,
  "2": 182.895,
  "3": 566.6759999999999,
  "4": 471.729,
  "5": 338.814,
  "6": 578.668,
  "7": 483.712,
  "8": 676.59,
  "9": 370.789,
  "Average": 485.4164999999999,
  "Prediction Average": 51.9659,
  "Accuracy": 0.6
}
