{
  "0": 525.698,
  "1": 276.83299999999997,
  "2": 323.803,
  "3": 496.713,
  "4": 500.72499999999997,
  "5": 289.834,
  "6": 388.764,
  "7": 548.672,
  "8": 610.6310000000001,
  "9": 546.686,
  "Average": 450.8358999999999,
  "Prediction Average": 45.366,
  "Accuracy": 0.6
}
