{
  "0": 607.649,
  "1": 578.6569999999999,
  "2": 645.6129999999999,
  "3": 354.805,
  "4": 450.739,
  "5": 483.721,
  "6": 641.644,
  "7": 598.644,
  "8": 529.693,
  "9": 575.654,
  "Average": 546.6818999999999,
  "Prediction Average": 45.4689,
  "Accuracy": 0.8
}
