{
  "0": 541.0169999999999,
  "1": 790.547,
  "2": 495.714,
  "3": 686.615,
  "4": 533.675,
  "5": 583.665,
  "6": 639.629,
  "7": 570.67,
  "8": 494.7,
  "9": 552.6809999999999,
  "Average": 588.8913,
  "Prediction Average": 45.7708,
  "Accuracy": 0.6
}
