{
    "0": 575.4616260528564,
    "1": 349.5059013366699,
    "2": 314.19849395751953,
    "3": 330.38949966430664,
    "4": 283.86759757995605,
    "5": 298.21133613586426,
    "6": 332.3650360107422,
    "7": 424.99470710754395,
    "8": 409.90495681762695,
    "9": 316.15471839904785,
    "10": 302.2112846374512,
    "11": 300.17828941345215,
    "12": 364.1233444213867,
    "13": 395.4639434814453,
    "14": 397.9346752166748,
    "15": 345.07131576538086,
    "16": 363.0688190460205,
    "17": 476.75323486328125,
    "18": 409.95025634765625,
    "19": 392.9564952850342,
    "20": 396.2209224700928,
    "21": 423.4118461608887,
    "22": 316.1625862121582,
    "23": 285.6760025024414,
    "24": 285.23755073547363,
    "25": 297.49417304992676,
    "26": 302.3872375488281,
    "27": 284.2435836791992,
    "28": 315.4771327972412,
    "29": 309.6930980682373,
    "30": 332.7667713165283,
    "31": 300.2750873565674,
    "32": 299.180269241333,
    "33": 270.052433013916,
    "34": 475.8293628692627,
    "35": 315.16003608703613,
    "36": 314.1601085662842,
    "37": 317.1725273132324,
    "38": 490.689754486084,
    "39": 362.28084564208984,
    "40": 314.68725204467773,
    "41": 380.9795379638672,
    "42": 284.2414379119873,
    "43": 279.2530059814453,
    "44": 314.53752517700195,
    "45": 318.1490898132324,
    "46": 278.83315086364746,
    "47": 363.94453048706055,
    "48": 296.2069511413574,
    "49": 286.2372398376465,
    "Average": 343.86813163757324,
    "Prediction Average": 29.725847244262695,
    "Accuracy": 1.0
}