{"0": 483.759, "1": 543.69, "2": 423.757, "3": 510.99300000000005, "4": 542.683, "5": 492.716, "6": 485.721, "7": 540.702, "8": 358.794, "9": 425.755, "Average": 480.85699999999997, "Prediction Average": 45.00600000000001}