{
    "0": 516.9332027435303,
    "1": 278.2566547393799,
    "2": 404.6041965484619,
    "3": 301.0737895965576,
    "4": 302.7167320251465,
    "5": 296.47111892700195,
    "6": 312.27588653564453,
    "7": 301.2356758117676,
    "8": 328.1228542327881,
    "9": 350.0642776489258,
    "10": 282.757043838501,
    "11": 298.71106147766113,
    "12": 379.7433376312256,
    "13": 392.9426670074463,
    "14": 285.69531440734863,
    "15": 300.9207248687744,
    "16": 283.89692306518555,
    "17": 346.07434272766113,
    "18": 315.31715393066406,
    "19": 285.05730628967285,
    "20": 282.245397567749,
    "21": 336.1015319824219,
    "22": 299.20029640197754,
    "23": 362.5001907348633,
    "24": 301.1975288391113,
    "25": 441.7128562927246,
    "26": 282.96446800231934,
    "27": 317.1515464782715,
    "28": 379.99963760375977,
    "29": 312.1678829193115,
    "30": 282.28163719177246,
    "31": 348.3264446258545,
    "32": 410.2339744567871,
    "33": 281.2504768371582,
    "34": 540.5139923095703,
    "35": 282.2568416595459,
    "36": 296.095609664917,
    "37": 283.2446098327637,
    "38": 415.5158996582031,
    "39": 299.48949813842773,
    "40": 284.28125381469727,
    "41": 300.1973628997803,
    "42": 553.3936023712158,
    "43": 296.21315002441406,
    "44": 284.23619270324707,
    "45": 363.6953830718994,
    "46": 439.8229122161865,
    "47": 329.9875259399414,
    "48": 508.6402893066406,
    "49": 379.38880920410156,
    "Average": 341.14354133605957,
    "Prediction Average": 29.577865600585938,
    "Accuracy": 1.0
}