{
    "0": 557.5435161590576,
    "1": 286.2355709075928,
    "2": 456.2492370605469,
    "3": 287.2323989868164,
    "4": 330.11698722839355,
    "5": 377.9897689819336,
    "6": 395.1869010925293,
    "7": 317.1513080596924,
    "8": 314.8226737976074,
    "9": 285.51173210144043,
    "10": 364.0270233154297,
    "11": 454.7841548919678,
    "12": 440.86432456970215,
    "13": 286.23509407043457,
    "14": 298.22707176208496,
    "15": 294.1892147064209,
    "16": 359.0409755706787,
    "17": 428.92932891845703,
    "18": 298.203706741333,
    "19": 411.44323348999023,
    "20": 362.49399185180664,
    "21": 317.58570671081543,
    "22": 295.12906074523926,
    "23": 301.21898651123047,
    "24": 366.27912521362305,
    "25": 404.4337272644043,
    "26": 313.16280364990234,
    "27": 319.14615631103516,
    "28": 287.33038902282715,
    "29": 309.1874122619629,
    "30": 304.1961193084717,
    "31": 475.7249355316162,
    "32": 474.7304916381836,
    "33": 316.2083625793457,
    "34": 298.76017570495605,
    "35": 317.14701652526855,
    "36": 394.15740966796875,
    "37": 282.99403190612793,
    "38": 303.58409881591797,
    "39": 298.2041835784912,
    "40": 315.1569366455078,
    "41": 299.6559143066406,
    "42": 319.20361518859863,
    "43": 329.2670249938965,
    "44": 316.516637802124,
    "45": 350.0955104827881,
    "46": 374.5226860046387,
    "47": 318.1767463684082,
    "48": 331.09021186828613,
    "49": 378.9982795715332,
    "Average": 346.3668394088745,
    "Prediction Average": 32.250986099243164,
    "Accuracy": 1.0
}