{
    "0": 550.2846240997314,
    "1": 286.1673831939697,
    "2": 314.19873237609863,
    "3": 296.2074279785156,
    "4": 284.1382026672363,
    "5": 281.2020778656006,
    "6": 300.56262016296387,
    "7": 300.4488945007324,
    "8": 316.12682342529297,
    "9": 316.17093086242676,
    "10": 331.1741352081299,
    "11": 710.9525203704834,
    "12": 425.3249168395996,
    "13": 283.245325088501,
    "14": 318.5875415802002,
    "15": 390.4585838317871,
    "16": 298.66909980773926,
    "17": 332.17310905456543,
    "18": 283.7486267089844,
    "19": 328.3870220184326,
    "20": 298.8283634185791,
    "21": 302.19292640686035,
    "22": 300.80533027648926,
    "23": 329.1442394256592,
    "24": 303.16758155822754,
    "25": 292.400598526001,
    "26": 296.42176628112793,
    "27": 299.271821975708,
    "28": 319.3621635437012,
    "29": 423.86341094970703,
    "30": 396.8808650970459,
    "31": 283.24389457702637,
    "32": 282.245397567749,
    "33": 299.8049259185791,
    "34": 314.1658306121826,
    "35": 410.89558601379395,
    "36": 456.2244415283203,
    "37": 278.9313793182373,
    "38": 303.18474769592285,
    "39": 266.28756523132324,
    "40": 376.5866756439209,
    "41": 394.7896957397461,
    "42": 332.11207389831543,
    "43": 283.24294090270996,
    "44": 538.4171009063721,
    "45": 284.7003936767578,
    "46": 330.319881439209,
    "47": 301.1949062347412,
    "48": 318.2201385498047,
    "49": 619.9696063995361,
    "Average": 343.7020969390869,
    "Prediction Average": 29.634218215942383,
    "Accuracy": 1.0
}