{
    "1": 772.9339599609375,
    "2": 469.2380428314209,
    "3": 378.5438537597656,
    "4": 315.40656089782715,
    "5": 374.0808963775635,
    "6": 315.3269290924072,
    "7": 410.8865261077881,
    "8": 281.2483310699463,
    "9": 317.1517848968506,
    "10": 448.10986518859863,
    "11": 284.24692153930664,
    "12": 329.38575744628906,
    "13": 316.79487228393555,
    "14": 283.9088439941406,
    "15": 283.245325088501,
    "16": 299.086332321167,
    "17": 282.73510932922363,
    "18": 296.2040901184082,
    "19": 381.0241222381592,
    "20": 475.70228576660156,
    "21": 329.1199207305908,
    "22": 284.49368476867676,
    "23": 331.113338470459,
    "24": 300.1999855041504,
    "25": 392.94934272766113,
    "26": 315.1049613952637,
    "27": 282.8686237335205,
    "28": 410.9005928039551,
    "29": 313.3046627044678,
    "30": 317.1513080596924,
    "31": 299.3049621582031,
    "32": 297.20520973205566,
    "33": 283.245325088501,
    "34": 380.99122047424316,
    "35": 396.98314666748047,
    "36": 504.6529769897461,
    "37": 281.80408477783203,
    "38": 301.35154724121094,
    "39": 280.9615135192871,
    "40": 332.1502208709717,
    "41": 300.19402503967285,
    "42": 319.6454048156738,
    "43": 344.07782554626465,
    "44": 280.6680202484131,
    "45": 287.5199317932129,
    "46": 281.7513942718506,
    "47": 266.74723625183105,
    "48": 313.25554847717285,
    "49": 299.86095428466797,
    "50": 277.33778953552246,
    "Average": 338.4435033798218,
    "Prediction Average": 28.1939697265625,
    "Accuracy": 1.0
}