{
    "1": 293.6544418334961,
    "2": 318.4332847595215,
    "3": 307.645320892334,
    "4": 316.15591049194336,
    "5": 351.8712520599365,
    "6": 303.1907081604004,
    "7": 292.6371097564697,
    "8": 441.8609142303467,
    "9": 329.0984630584717,
    "10": 301.654577255249,
    "11": 312.164306640625,
    "12": 373.016357421875,
    "13": 286.35621070861816,
    "14": 332.1552276611328,
    "15": 300.4419803619385,
    "16": 351.0630130767822,
    "17": 290.21286964416504,
    "18": 370.7563877105713,
    "19": 277.25982666015625,
    "20": 338.6073112487793,
    "21": 334.9640369415283,
    "22": 291.2616729736328,
    "23": 275.30646324157715,
    "24": 275.54893493652344,
    "25": 296.2455749511719,
    "26": 301.2237548828125,
    "27": 301.20205879211426,
    "28": 417.9062843322754,
    "29": 287.2300148010254,
    "30": 298.94137382507324,
    "31": 278.09882164001465,
    "32": 341.89558029174805,
    "33": 286.30709648132324,
    "34": 305.42540550231934,
    "35": 313.01403045654297,
    "36": 360.03637313842773,
    "37": 360.83078384399414,
    "38": 294.2242622375488,
    "39": 283.25843811035156,
    "40": 445.80841064453125,
    "41": 340.090274810791,
    "42": 298.28381538391113,
    "43": 300.1976013183594,
    "44": 318.495512008667,
    "45": 277.1883010864258,
    "46": 341.174840927124,
    "47": 321.183443069458,
    "48": 290.35401344299316,
    "49": 291.2781238555908,
    "50": 309.1733455657959,
    "Average": 318.4876823425293,
    "Prediction Average": 28.621978759765625,
    "Accuracy": 0.98
}