{
    "1": 286.2353324890137,
    "2": 315.140962600708,
    "3": 315.39106369018555,
    "4": 380.80549240112305,
    "5": 378.04508209228516,
    "6": 391.9517993927002,
    "7": 382.04050064086914,
    "8": 329.2689323425293,
    "9": 329.1184902191162,
    "10": 283.2200527191162,
    "11": 283.1246852874756,
    "12": 485.7046604156494,
    "13": 299.20291900634766,
    "14": 301.194429397583,
    "15": 360.5368137359619,
    "16": 362.1218204498291,
    "17": 428.21192741394043,
    "18": 314.3579959869385,
    "19": 347.07093238830566,
    "20": 377.9945373535156,
    "21": 285.23755073547363,
    "22": 285.55917739868164,
    "23": 331.1188220977783,
    "24": 459.77330207824707,
    "25": 475.43931007385254,
    "26": 505.2974224090576,
    "27": 395.10464668273926,
    "28": 283.2450866699219,
    "29": 314.31126594543457,
    "30": 285.34555435180664,
    "31": 300.1141548156738,
    "32": 362.0333671569824,
    "33": 302.35958099365234,
    "34": 313.1895065307617,
    "35": 333.1115245819092,
    "36": 585.1531028747559,
    "37": 281.51869773864746,
    "38": 318.1731700897217,
    "39": 281.5413475036621,
    "40": 349.08080101013184,
    "41": 314.6476745605469,
    "42": 315.8090114593506,
    "43": 300.05717277526855,
    "44": 300.08578300476074,
    "45": 301.3951778411865,
    "46": 297.20449447631836,
    "47": 302.19268798828125,
    "48": 286.23485565185547,
    "49": 285.00866889953613,
    "50": 268.30577850341797,
    "Average": 339.36774253845215,
    "Prediction Average": 27.995147705078125,
    "Accuracy": 1.0
}