{
    "0": 656.3568115234375,
    "1": 391.4685249328613,
    "2": 316.1735534667969,
    "3": 381.96825981140137,
    "4": 300.19688606262207,
    "5": 283.2770347595215,
    "6": 329.9734592437744,
    "7": 397.9358673095703,
    "8": 296.71525955200195,
    "9": 313.57622146606445,
    "10": 316.13898277282715,
    "11": 283.34832191467285,
    "12": 313.14969062805176,
    "13": 283.51569175720215,
    "14": 299.7326850891113,
    "15": 331.1150074005127,
    "16": 525.6109237670898,
    "17": 303.1895160675049,
    "18": 313.61889839172363,
    "19": 423.86698722839355,
    "20": 298.8607883453369,
    "21": 288.8600826263428,
    "22": 374.0549087524414,
    "23": 313.6787414550781,
    "24": 300.189733505249,
    "25": 285.2356433868408,
    "26": 378.4608840942383,
    "27": 280.5006504058838,
    "28": 315.0768280029297,
    "29": 346.0674285888672,
    "30": 282.24873542785645,
    "31": 602.8947830200195,
    "32": 279.0679931640625,
    "33": 349.03693199157715,
    "34": 299.8075485229492,
    "35": 287.23931312561035,
    "36": 330.35778999328613,
    "37": 314.1603469848633,
    "38": 442.75403022766113,
    "39": 297.20520973205566,
    "40": 302.3974895477295,
    "41": 286.2203121185303,
    "42": 347.96595573425293,
    "43": 287.3802185058594,
    "44": 300.65464973449707,
    "45": 300.98605155944824,
    "46": 295.60112953186035,
    "47": 279.00242805480957,
    "48": 379.98366355895996,
    "49": 284.0909957885742,
    "Average": 335.81939697265625,
    "Prediction Average": 29.623522758483887,
    "Accuracy": 1.0
}