{
    "1": 293.2155132293701,
    "2": 287.9035472869873,
    "3": 308.7022304534912,
    "4": 303.1890392303467,
    "5": 329.6091556549072,
    "6": 436.9986057281494,
    "7": 295.6700325012207,
    "8": 295.86219787597656,
    "9": 325.27756690979004,
    "10": 343.9793586730957,
    "11": 301.1951446533203,
    "12": 301.6021251678467,
    "13": 354.5572757720947,
    "14": 333.93406867980957,
    "15": 295.90892791748047,
    "16": 300.58979988098145,
    "17": 331.30860328674316,
    "18": 336.1036777496338,
    "19": 341.0770893096924,
    "20": 289.2477512359619,
    "21": 394.9418067932129,
    "22": 327.12554931640625,
    "23": 278.71251106262207,
    "24": 356.0469150543213,
    "25": 342.0848846435547,
    "26": 298.06971549987793,
    "27": 344.08044815063477,
    "28": 333.0388069152832,
    "29": 281.3119888305664,
    "30": 381.122350692749,
    "31": 297.40214347839355,
    "32": 313.98749351501465,
    "33": 295.3171730041504,
    "34": 287.60433197021484,
    "35": 374.00293350219727,
    "36": 299.2208003997803,
    "37": 305.94778060913086,
    "38": 338.1373882293701,
    "39": 338.12665939331055,
    "40": 429.25405502319336,
    "41": 444.4868564605713,
    "42": 271.5775966644287,
    "43": 311.1715316772461,
    "44": 301.1958599090576,
    "45": 276.4017581939697,
    "46": 297.2257137298584,
    "47": 321.8882083892822,
    "48": 317.89088249206543,
    "49": 289.226770401001,
    "50": 396.3503837585449,
    "Average": 324.9776601791382,
    "Prediction Average": 28.015470504760742,
    "Accuracy": 0.9
}