{
  "1": 386.4936828613281,
  "2": 381.97898864746094,
  "3": 330.1064968109131,
  "4": 306.35952949523926,
  "5": 301.1918067932129,
  "6": 280.25007247924805,
  "7": 287.2335910797119,
  "8": 357.03277587890625,
  "9": 298.34604263305664,
  "10": 326.55930519104004,
  "11": 386.96789741516113,
  "12": 361.9556427001953,
  "13": 329.24461364746094,
  "14": 442.3494338989258,
  "15": 297.24812507629395,
  "16": 287.5237464904785,
  "17": 278.09643745422363,
  "18": 288.48838806152344,
  "19": 306.6980838775635,
  "20": 407.1383476257324,
  "21": 369.01354789733887,
  "22": 385.24913787841797,
  "23": 302.64854431152344,
  "24": 345.705509185791,
  "25": 325.5503177642822,
  "26": 286.84353828430176,
  "27": 281.6035747528076,
  "28": 296.54741287231445,
  "29": 280.25341033935547,
  "30": 290.2238368988037,
  "31": 310.3351593017578,
  "32": 365.9062385559082,
  "33": 410.10522842407227,
  "34": 363.0216121673584,
  "35": 325.070858001709,
  "36": 316.7307376861572,
  "37": 288.5477542877197,
  "38": 343.08767318725586,
  "39": 380.281925201416,
  "40": 454.0698528289795,
  "41": 327.35252380371094,
  "42": 426.0437488555908,
  "43": 298.2141971588135,
  "44": 383.41593742370605,
  "45": 304.978609085083,
  "46": 302.19125747680664,
  "47": 322.1402168273926,
  "48": 503.6478042602539,
  "49": 312.441349029541,
  "50": 294.2075729370117,
  "Average": 336.73384189605713,
  "Prediction Average": 28.080945014953613,
  "Accuracy": 0.98
}
