{
  "1": 319.17715072631836,
  "2": 342.2679901123047,
  "3": 323.1334686279297,
  "4": 424.85737800598145,
  "5": 310.75143814086914,
  "6": 292.24300384521484,
  "7": 328.1214237213135,
  "8": 423.846960067749,
  "9": 303.53713035583496,
  "10": 375.9918212890625,
  "Average": 344.3927764892578,
  "Prediction Average": 37.56880760192871,
  "Accuracy": 1.0
}
