{
  "1": 295.78304290771484,
  "2": 328.86505126953125,
  "3": 313.16113471984863,
  "4": 327.9767036437988,
  "5": 369.0066337585449,
  "6": 321.70653343200684,
  "7": 469.7439670562744,
  "8": 300.3809452056885,
  "9": 438.8251304626465,
  "10": 292.22846031188965,
  "Average": 345.76776027679443,
  "Prediction Average": 38.26284408569336,
  "Accuracy": 1.0
}
