{
  "1": 458.5556983947754,
  "2": 369.01283264160156,
  "3": 310.17255783081055,
  "4": 349.0629196166992,
  "5": 511.6293430328369,
  "6": 301.21421813964844,
  "7": 394.9422836303711,
  "8": 308.30979347229004,
  "9": 347.2573757171631,
  "10": 308.1707954406738,
  "Average": 365.832781791687,
  "Prediction Average": 37.409281730651855,
  "Accuracy": 0.9
}
