{
  "1": 303.7130832672119,
  "2": 308.5591793060303,
  "3": 290.4179096221924,
  "4": 291.2158966064453,
  "5": 354.26783561706543,
  "6": 441.80822372436523,
  "7": 385.9679698944092,
  "8": 288.18678855895996,
  "9": 383.925199508667,
  "10": 337.2159004211426,
  "11": 287.2273921966553,
  "12": 324.2053985595703,
  "13": 385.96248626708984,
  "14": 343.9056873321533,
  "15": 301.90563201904297,
  "16": 307.178258895874,
  "17": 303.18427085876465,
  "18": 329.65612411499023,
  "19": 351.3329029083252,
  "20": 336.4102840423584,
  "21": 324.5730400085449,
  "22": 462.76259422302246,
  "23": 459.766149520874,
  "24": 321.73848152160645,
  "25": 332.1096897125244,
  "26": 412.8870964050293,
  "27": 318.9373016357422,
  "28": 401.27015113830566,
  "29": 315.1547908782959,
  "30": 475.726842880249,
  "31": 323.58312606811523,
  "32": 295.121431350708,
  "33": 305.59325218200684,
  "34": 297.20520973205566,
  "35": 336.49563789367676,
  "36": 295.2075004577637,
  "37": 366.67442321777344,
  "38": 354.0534973144531,
  "39": 290.22216796875,
  "40": 326.1258602142334,
  "41": 334.2549800872803,
  "42": 316.6778087615967,
  "43": 338.2599353790283,
  "44": 311.168909072876,
  "45": 381.1156749725342,
  "46": 295.5002784729004,
  "47": 459.77330207824707,
  "48": 325.79588890075684,
  "49": 303.15661430358887,
  "50": 335.1302146911621,
  "Average": 341.4457654953003,
  "Prediction Average": 37.560200691223145,
  "Accuracy": 0.98
}
