{
  "1": 388.9589309692383,
  "2": 338.3753299713135,
  "3": 321.10095024108887,
  "4": 387.93134689331055,
  "5": 302.18958854675293,
  "6": 445.80864906311035,
  "7": 309.63945388793945,
  "8": 411.7321968078613,
  "9": 326.29990577697754,
  "10": 329.22840118408203,
  "Average": 356.1264753341675,
  "Prediction Average": 38.04957866668701,
  "Accuracy": 1.0
}
