{
  "1": 298.4340190887451,
  "2": 339.0495777130127,
  "3": 358.98351669311523,
  "4": 357.682466506958,
  "5": 328.11903953552246,
  "6": 301.189661026001,
  "7": 369.00830268859863,
  "8": 301.861047744751,
  "9": 377.05469131469727,
  "10": 284.23213958740234,
  "Average": 331.56144618988037,
  "Prediction Average": 38.10887336730957,
  "Accuracy": 1.0
}
