{
  "1": 357.00154304504395,
  "2": 355.91697692871094,
  "3": 340.0919437408447,
  "4": 387.96138763427734,
  "5": 445.24192810058594,
  "6": 304.1868209838867,
  "7": 347.0721244812012,
  "8": 311.16771697998047,
  "9": 689.4822120666504,
  "10": 379.6215057373047,
  "11": 320.1448917388916,
  "12": 330.2314281463623,
  "13": 316.26176834106445,
  "14": 386.9664669036865,
  "15": 337.7516269683838,
  "16": 390.95425605773926,
  "17": 318.1471824645996,
  "18": 514.2931938171387,
  "19": 315.014123916626,
  "20": 341.63784980773926,
  "Average": 374.4573473930359,
  "Prediction Average": 46.29420042037964,
  "Accuracy": 0.75
}
