{
  "1": 309.94677543640137,
  "2": 387.4375820159912,
  "3": 307.628870010376,
  "4": 345.076322555542,
  "5": 411.1802577972412,
  "6": 331.8815231323242,
  "7": 306.1807155609131,
  "8": 376.99127197265625,
  "9": 329.5607566833496,
  "10": 425.93884468078613,
  "11": 417.8328514099121,
  "12": 298.3529567718506,
  "13": 354.0539741516113,
  "14": 291.1059856414795,
  "15": 325.78086853027344,
  "16": 408.9691638946533,
  "17": 296.6485023498535,
  "18": 358.64973068237305,
  "19": 411.03076934814453,
  "20": 346.6966152191162,
  "Average": 352.04721689224243,
  "Prediction Average": 45.86406946182251,
  "Accuracy": 1.0
}
