{
  "1": 394.20080184936523,
  "2": 301.88918113708496,
  "3": 401.4930725097656,
  "4": 362.0595932006836,
  "5": 367.0163154602051,
  "6": 321.60353660583496,
  "7": 366.01924896240234,
  "8": 319.14782524108887,
  "9": 318.1447982788086,
  "10": 302.8266429901123,
  "11": 343.08338165283203,
  "12": 297.2707748413086,
  "13": 353.0898094177246,
  "14": 303.18617820739746,
  "15": 446.8061923980713,
  "16": 372.06292152404785,
  "17": 375.5655288696289,
  "18": 425.7397651672363,
  "19": 331.1140537261963,
  "20": 301.316499710083,
  "Average": 350.1818060874939,
  "Prediction Average": 46.37269973754883,
  "Accuracy": 0.85
}
