{
    "1": 407.91797637939453,
    "2": 482.8495979309082,
    "3": 375.995397567749,
    "4": 312.1647834777832,
    "5": 342.116117477417,
    "6": 367.4178123474121,
    "7": 292.2170162200928,
    "8": 355.0405502319336,
    "9": 356.3275337219238,
    "10": 478.1649112701416,
    "11": 387.43114471435547,
    "12": 363.03138732910156,
    "13": 425.9033203125,
    "14": 383.9707374572754,
    "15": 321.2747573852539,
    "16": 299.21531677246094,
    "17": 346.07529640197754,
    "18": 331.1119079589844,
    "19": 493.7891960144043,
    "20": 364.7880554199219,
    "Average": 374.34014081954956,
    "Prediction Average": 46.38714790344238,
    "Accuracy": 1.0
}